AQI Value,CO AQI Value,Ozone AQI Value,NO2 AQI Value,PM2.5 AQI Value,lat,lng
51,1,36,0,51,44.7444,44.2031
41,1,5,1,41,-5.29,-44.49
41,1,5,1,41,-11.2958,-41.9869
66,1,39,2,66,37.1667,15.1833
34,1,34,0,20,53.0167,20.8833
54,1,14,11,54,16.1005,-88.8074
54,1,14,11,54,26.8941,-82.0513
64,1,29,7,64,51.0761,4.2803
54,1,41,1,54,44.05,43.0667
68,2,68,1,58,21.95,108.6167
41,1,24,6,41,52.3833,6.2667
59,1,30,4,59,50.3892,3.4858
55,1,47,0,55,37.3833,14.7
72,1,4,23,72,33.5722,-112.0892
28,1,28,2,28,52.0667,21.0167
154,5,0,13,154,-22.5128,-44.0008
67,1,16,2,67,9.7919,-74.7872
62,1,37,1,62,43.9333,23.0833
31,1,31,0,17,56.45,60.1833
56,1,35,0,56,46.9061,6.3547
77,2,22,15,77,42.6493,-83.2878
77,2,22,15,77,40.8894,-88.6409
44,1,15,0,44,-0.0206,109.3414
30,1,9,2,30,-22.7558,-51.3789
30,1,30,1,15,61.4833,21.8
79,3,18,5,79,-33.9581,25.6
34,1,19,7,34,29.9765,-93.9459
51,1,20,5,51,51.5906,-3.7986
77,1,34,0,77,34.1754,-103.3565
61,1,32,3,61,47.7213,-116.9384
32,1,7,2,32,-22.2281,-45.9336
29,0,29,0,25,44.55,135.5833
247,3,162,1,247,26.17,85.9
45,1,32,7,45,39.7805,-84.2003
45,1,32,7,45,39.2592,-119.5653
45,1,32,7,45,30.0315,-94.9158
36,1,25,3,36,50.9833,3.5333
124,2,15,5,124,18.55,-72.3
72,1,26,2,72,32.2631,-107.7525
55,0,32,1,55,33.2175,-97.1418
55,0,32,1,55,53.4554,-2.1122
31,0,31,0,25,30.395,-86.4701
60,1,31,1,60,12.127,78.158
30,1,17,0,30,8.5872,123.3408
44,1,34,0,44,56.6167,23.2667
47,1,37,4,47,42.9004,-85.7564
37,0,32,2,37,51.7667,5.7333
44,1,14,8,44,31.8393,-111.0009
44,1,14,8,44,39.3414,-77.24
58,2,14,24,58,42.9371,-88.0018
89,3,3,6,89,4.0833,-74.9167
52,2,38,7,52,42.2,14.2167
51,1,25,6,51,51.2365,-0.5703
38,1,38,0,13,48.05,39.9167
88,2,11,20,88,38.7931,-90.3899
54,1,31,3,54,49.5053,8.6033
44,1,28,3,44,51.3167,6.9667
51,1,26,6,51,51.7526,-0.4692
67,2,15,23,67,40.7637,-73.5245
49,1,25,3,49,50.7422,8.2039
203,5,203,5,151,30.25,120.1675
35,0,32,0,35,54.7972,9.3764
90,1,25,2,90,40.7431,-74.1531
90,1,25,2,90,41.0236,-73.7193
90,1,25,2,90,36.2438,-93.1198
90,1,25,2,90,39.2584,-84.7868
90,1,25,2,90,44.1935,-88.2941
90,1,25,2,90,40.6374,-79.7173
36,0,34,1,36,52.2167,7.9167
48,1,28,4,48,50.6092,2.9869
41,1,28,10,41,51.019,-3.1
41,1,28,10,41,41.9036,-71.0943
19,0,19,1,17,-37.6833,176.1667
47,1,47,1,36,41.25,14.0667
155,3,82,1,155,18.6057,84.2355
46,1,9,1,46,-22.5328,-52.1678
64,1,15,2,64,20.8794,-103.8356
44,1,44,1,38,42.6589,13.7039
142,4,113,9,142,39.1467,117.2056
54,1,20,0,54,10.7167,123.5167
60,1,44,3,60,35.7996,139.4686
166,4,8,19,166,19.2925,-99.6569
27,0,23,1,27,-7.7764,-34.8919
23,1,7,1,23,-15.66,-40.0658
31,1,13,0,31,-18.4167,-49.2167
90,2,22,9,90,13.7333,-89.6667
51,1,38,0,51,42.5633,47.8636
170,1,38,0,170,23.1667,79.9333
22,0,9,1,22,-13.5308,-39.9708
47,1,27,2,47,51.9667,17.5
59,1,32,0,59,8.65,124.75
133,4,23,3,133,7.84,4.486
29,1,29,1,7,61.1833,28.7667
73,2,2,8,73,-26.8978,-49.2319
50,0,24,0,50,14.2,120.8833
25,0,9,1,25,-14.1628,-40.0058
90,3,18,2,90,7.9667,3.6
81,2,26,3,81,18.0292,-95.5264
29,0,20,1,29,-3.9689,-38.5278
44,1,16,1,44,-21.0108,-40.8339
65,1,12,0,65,4.4081,32.575
53,1,28,10,53,40.2237,-74.7641
53,1,28,10,53,42.1394,-83.1929
53,1,28,10,53,39.4792,-84.462
56,0,23,0,56,18.3599,-66.0096
57,1,26,3,57,53.2667,-7.5
62,0,35,0,62,39.1064,39.5472
49,1,27,4,49,44.1565,-87.5824
34,1,34,0,32,55.8667,72.2
163,2,92,0,163,23.5247,80.8372
126,4,3,36,126,33.9209,-118.2356
126,4,3,36,126,41.7641,-87.9454
63,2,9,22,63,42.0771,-87.7282
53,2,27,10,53,38.9395,-77.2842
86,2,38,10,86,42.132,-83.2374
112,2,44,4,112,30.1697,121.2665
155,3,155,2,151,33.3936,120.1339
121,4,24,0,121,0.7675,24.4414
69,2,48,0,69,42.9044,129.5067
47,1,34,3,47,42.8901,-97.3927
69,1,34,4,69,50.9667,7.8667
64,1,32,6,64,51,3.8833
20,1,20,1,10,60.7029,-135.0691
38,1,30,3,38,52.9779,-6.033
59,1,27,3,59,47.4667,9.05
67,1,30,5,67,52.9,8.4333
75,2,13,16,75,41.2399,-77.037
60,2,18,21,60,42.4239,-88.1844
36,1,36,0,25,55.8333,12.0666
41,1,30,8,41,38.7601,-76.9642
44,1,28,2,44,51.3484,9.5256
29,1,26,1,29,43.342,142.3832
168,3,168,5,99,27.9814,116.3577
168,3,168,5,99,26.0769,119.2917
25,1,25,3,23,55.6194,-2.8033
41,1,26,4,41,50.9831,6
36,0,33,1,36,52.4183,9.5981
59,2,12,0,59,9.3,13.4
35,0,33,2,35,51.7,4.8586
29,0,29,0,13,-28.7744,114.6089
51,1,29,3,51,49.2167,8.3667
103,4,9,6,103,4.305,-74.8017
35,1,30,4,35,53.4758,-2.5943
27,0,27,2,21,41.15,-8.5333
27,0,27,2,21,42.1111,-8.7611
307,1,45,0,307,24.3785,81.2964
61,2,26,16,61,42.064,-88.1468
42,1,42,2,37,35.6526,-78.8399
42,1,42,2,37,34.1681,-84.4847
42,0,32,1,42,51.8297,9.4483
102,1,23,0,102,8.15,39.35
64,1,53,1,64,39.3167,8.5333
45,1,45,0,38,33.65,130.6833
69,1,69,1,60,37.4363,137.2605
50,1,41,1,50,46.255,20.145
125,2,125,1,82,34.6919,50.0131
41,1,25,1,41,14.1,120.9333
52,1,34,3,52,35.3328,137.1316
47,1,47,1,44,36.7192,140.7167
36,1,36,3,34,34.7914,133.6164
37,1,19,0,37,8.4488,125.7869
46,1,27,1,46,56.7333,37.5333
64,1,18,12,64,25.7556,-80.4016
92,2,52,8,92,32.8536,35.1978
35,1,20,0,35,6.6167,124.75
88,2,53,1,88,-7.215,107.8856
45,0,45,0,43,38.5022,42.2814
58,1,24,7,58,50.9452,-2.637
143,2,35,5,143,38.7299,112.7134
187,2,36,8,187,35.0304,110.998
58,1,29,6,58,50.8833,4.4667
65,1,27,8,65,50.9722,4.4222
73,2,66,0,73,37.7527,114.7775
98,3,33,9,98,22.5333,113.35
98,3,33,9,98,34.943,105.8771
156,4,45,10,156,29.7169,120.2314
163,4,8,18,163,19.2833,-99.7333
35,1,35,0,21,51.1667,82.2
69,1,37,4,69,45.4,8.9167
105,4,15,4,105,5.3167,-4.0333
64,2,37,8,64,34.0566,-84.6716
54,1,32,5,54,39.0017,-76.9649
80,1,18,10,80,33.2198,-86.8225
50,1,36,1,50,43.0333,44.2333
35,1,25,3,35,50.8761,5.3078
55,1,27,0,55,48.55,-71.65
55,1,27,0,55,43.3799,-84.6556
28,0,28,0,13,-10.3167,150.4333
26,0,26,0,20,-25.1764,46.0833
107,2,107,5,86,36.3619,119.1072
22,0,22,0,20,-14.8833,50.25
76,3,7,25,76,37.9787,-121.796
76,3,7,25,76,42.4742,-88.0721
104,2,14,1,104,5.2789,-0.7397
28,1,28,1,15,51.9333,43.5
28,1,28,1,19,56.1,49.8833
39,1,29,1,39,40.2975,44.3617
104,3,5,10,104,14.175,-89.7417
57,1,40,3,57,42.5833,13.9833
29,1,29,2,20,55.458,-4.629
29,1,29,2,20,-19.5744,147.4066
34,0,34,1,26,52.2167,5.2833
32,0,30,1,32,51.1081,10.6467
500,1,38,1,466,29.9928,73.2536
52,0,28,0,52,16.073,102.7362
27,0,23,0,27,17.5965,120.6179
38,0,28,2,38,53.7167,10.2667
56,1,23,6,56,36.7365,-95.9456
117,1,117,1,78,34.62,71.97
92,2,57,1,92,4.4667,101.05
124,2,32,7,124,45.2981,10.475
68,2,68,6,57,38.9,16.6
68,1,26,0,68,11.7833,124.8833
39,1,4,2,39,0.0439,-78.1561
38,1,36,5,38,44.2,12.3944
17,0,17,1,17,-34.6333,-60.4667
21,0,4,0,21,-6.2167,-77.85
151,3,119,1,151,41.5757,120.4486
38,1,38,0,35,54.2333,83.3667
49,1,40,0,49,44.2222,42.0575
72,2,4,5,72,17.55,-99.5
73,1,32,2,73,38.8597,-104.6995
46,1,2,0,46,-4.085,-63.1408
35,1,12,9,35,55.8625,-4.0266
24,0,24,1,16,51.851,-8.2967
45,1,14,2,45,-19.5389,-40.6308
65,1,12,6,65,18.8833,-71.7
112,1,34,4,112,45.8103,9.0861
19,0,19,0,11,-11.8139,-37.6108
31,0,31,2,22,54.85,-1.83
152,4,4,19,152,26.0463,-80.2862
31,1,21,1,31,31.1192,-97.914
13,1,12,0,13,-27.4833,-58.8167
103,2,28,9,103,44.7167,11.15
52,1,35,0,52,38.9558,45.6308
30,0,30,2,13,43.2883,-8.3894
73,0,25,0,73,15.1773,73.9939
42,1,2,4,42,-18.7558,-44.4308
35,0,35,0,30,53.8611,8.6944
46,1,25,5,46,26.5392,-81.8999
63,2,13,0,63,10.656,-12.272
39,1,26,1,39,47.025,4.8397
56,1,18,6,56,52.135,-0.47
56,1,18,6,56,32.8464,-97.135
56,1,18,6,56,42.9406,-71.5302
56,1,18,6,56,41.225,-73.6673
56,1,18,6,56,42.4969,-71.2783
56,1,18,6,56,38.8602,-86.4895
56,1,18,6,56,41.3919,-81.536
105,2,13,2,105,6.3833,-0.3833
93,2,90,1,93,41.802,120.7621
45,0,22,0,45,-3.0508,-40.1678
54,1,8,1,54,-22.7322,-64.3425
36,0,29,2,36,51.8,11.7333
50,1,35,5,50,41.0555,-76.2492
153,1,34,0,153,22.68,75.62
48,1,36,5,48,42.5681,-70.8627
24,0,24,0,24,57.7667,36.7
179,3,179,2,166,32.2656,72.8994
151,1,26,1,151,19.2967,73.0631
92,2,45,0,92,3.5986,98.4803
48,1,39,1,48,43.6825,43.5339
104,1,16,2,104,10.8,-74.9167
51,1,27,1,51,14.5167,121.2667
51,1,27,1,51,13.6667,124.3667
38,0,20,0,38,15.8647,100.5858
41,1,27,5,41,52.2667,4.5
47,1,46,2,47,42.13,-71.6547
29,0,29,3,18,52.6286,1.2928
29,0,29,3,18,41.5495,-72.0882
29,0,29,3,18,42.9833,-80.6
37,1,32,3,37,51.4733,5.5467
61,2,2,9,61,-38.7433,-72.95
46,1,17,2,46,30.4167,-107.9167
79,2,13,27,79,41.7139,-87.7528
53,1,24,9,53,44.9876,-92.9641
53,1,24,9,53,37.7618,-120.8468
39,1,38,2,39,35.25,139.15
42,1,41,0,42,41.1169,20.8019
47,1,36,0,47,54.0333,22.5
32,1,27,4,32,51.7167,7.3833
25,0,6,1,25,-11.3669,-38.3328
73,2,26,7,73,40.2981,-111.6994
52,1,22,11,52,37.8808,-122.179
94,3,9,11,94,14.8693,-91.6211
80,2,22,1,80,7.85,3.933
48,1,45,0,48,36.7167,15.1
156,1,33,0,156,22.23,73.08
27,0,27,0,10,-5.0911,-81.1064
55,1,20,0,55,11.1583,124.9917
76,3,32,2,76,42.9392,126.0561
36,1,2,0,36,-2.9958,-47.3528
41,1,18,1,41,-10.6744,-77.8186
56,1,44,4,56,39.3832,-76.5519
58,1,43,5,58,29.6575,-95.1498
58,1,43,5,58,34.1597,-118.139
58,1,43,5,58,39.1552,-76.5537
45,1,32,7,45,40.011,-82.7155
50,1,41,0,50,52.3,76.95
46,1,46,2,31,40.9,-73.8063
46,1,46,2,31,33.3114,-86.7573
46,1,46,2,31,43.0333,-79.3333
46,1,46,2,31,42.7335,-71.324
77,3,7,8,77,19.562,-97.242
63,1,33,1,63,45.25,19.8667
59,1,27,0,59,7.5,100
35,0,17,0,35,13.1119,99.9458
444,2,111,1,391,31.03,75.78
60,2,60,3,55,31.4044,30.4164
48,1,48,0,12,39.5667,16.6333
32,1,32,0,26,47.2333,39.7
32,1,32,0,26,57.1833,39.4167
56,0,32,1,56,53.566,-2.121
32,1,32,1,30,50.7169,11.3275
29,0,29,2,29,50.9516,14.5571
28,0,19,0,28,-11.0167,33.8667
18,0,8,0,18,-12.2839,-40.4939
40,1,40,2,34,34.5167,135.85
58,0,32,1,58,53.483,-2.2931
30,0,16,1,30,-12.9747,-38.4767
30,0,16,1,30,20.2094,-75.2231
36,1,36,0,30,41.2903,36.3336
49,1,30,0,49,-3.4328,104.2356
32,1,14,1,32,-22.1256,-51.3889
28,1,22,4,28,30.7735,-88.1301
21,1,21,1,13,53.9169,-122.7494
30,1,1,0,30,-8.3833,-74.55
32,1,30,1,32,38.6833,-4.1167
80,1,62,4,80,31.6061,34.7717
182,14,1,23,182,-32.8667,-71.25
356,1,60,0,284,24.82,84.65
62,1,44,5,62,40.6077,-74.2807
226,1,48,1,226,24.955,90.3573
226,1,48,1,226,25.55,82.1
16,0,12,0,16,15.083,-23.632
16,0,12,0,16,-7.0769,-41.4669
30,1,27,2,30,49.2,7.6
55,2,26,12,55,40.5024,-79.7495
46,1,46,0,14,40.2,16.6667
48,1,16,0,48,8.7667,-12.7875
43,1,43,2,39,41.695,-73.9211
52,1,44,4,52,39.3723,-76.8024
36,0,16,0,36,9.9619,98.6389
39,0,39,0,23,52.6,12.3333
58,1,25,9,58,55.7622,37.8567
56,1,21,6,56,32.9716,-96.7093
76,2,15,17,76,37.5295,-77.4756
76,2,15,17,76,49.1667,-123.1333
76,2,15,17,76,37.9477,-122.3389
76,2,15,17,76,-41.3333,173.1833
76,2,15,17,76,39.8318,-84.8905
76,2,15,17,76,37.7307,-84.2925
76,2,15,17,76,51.456,-0.301
76,2,15,17,76,29.5824,-95.7563
76,2,15,17,76,-33.5983,150.7511
76,2,15,17,76,-20.7305,143.1425
25,1,3,0,25,-6.05,-77.1417
40,1,30,1,40,45.8936,3.1125
47,1,47,2,27,41.7833,12.7667
42,1,31,1,42,44.3506,2.575
50,1,23,0,50,12.55,122.28
62,1,18,13,62,37.6862,-122.4685
25,0,9,1,25,-9.3858,-37.9958
34,1,34,0,10,54.15,33.2833
46,1,29,0,46,38.3886,35.4925
39,1,39,0,12,47.3907,35.0027
101,3,18,2,101,6.8167,1.7833
60,1,22,3,60,35.8613,-101.9642
93,1,24,5,93,36.0465,-89.3777
28,1,28,8,25,40.2913,-74.0558
39,1,22,1,39,29.2,-96.2723
44,1,27,10,44,39.2774,-76.8345
42,1,42,0,12,35.4492,137.4128
62,1,32,4,62,45.7,9.2167
35,1,22,6,35,56.198,-3.178
27,1,25,3,27,53.443,-1.949
19,0,18,0,19,-22.4333,18.9667
175,1,51,1,175,24.782,85.6943
33,1,33,1,28,39.52,-0.4114
37,1,3,3,37,-18.0128,-49.3569
30,0,30,2,27,51.5167,5.0667
61,1,10,16,61,25.9129,-80.2013
68,1,39,1,68,40.8667,20.1833
57,2,21,11,57,41.7374,-86.1348
29,1,29,2,27,42.4333,-123.3317
30,1,30,3,25,48.8381,-1.5869
35,1,22,1,35,25.5744,-108.4706
37,1,21,4,37,51.9533,14.7167
76,3,8,1,76,9.9342,13.9486
90,3,46,3,90,25.2819,110.2864
34,1,26,9,34,48.4336,-4.4008
65,1,30,1,65,30.4255,-86.6222
29,0,28,2,29,49.0981,2.5067
37,1,27,8,37,33.6073,-111.7398
72,1,29,3,72,38.6886,-104.6829
169,7,0,21,169,-23.2817,-46.7425
36,1,25,3,36,50.9119,13.3428
46,1,37,2,46,38.926,-78.1838
29,0,29,2,26,48.8039,8.3194
77,1,43,6,77,31.7886,34.7053
53,1,38,2,53,37.0667,14.25
30,0,25,3,30,51.7,5.9667
31,0,30,1,31,52.4,12.1667
27,0,19,0,27,6.8058,-58.1508
27,0,19,0,27,-7.9286,-14.4119
27,0,19,0,27,30.666,-97.6966
27,0,19,0,27,38.2247,-84.5487
27,0,19,0,27,31.9849,-81.226
27,0,19,0,27,-18.3,143.55
30,0,28,2,30,50.8806,12.0833
25,0,24,2,25,29.0516,-95.4521
57,2,22,14,57,30.1356,-81.7674
57,2,22,14,57,32.856,-116.904
57,2,22,14,57,37.6132,-77.4768
66,1,28,1,66,13.9297,100.7375
33,0,33,1,26,52.1333,5.4333
37,1,12,13,37,50.8747,0.0117
50,1,20,0,50,8.633,126.0932
46,1,26,2,46,44.92,-0.24
49,1,24,2,49,49.7012,17.0762
31,0,31,2,31,51.1,3.9833
34,0,29,3,34,51,4.3
176,2,21,3,176,15.6167,-16.2167
35,1,20,3,35,51.4,16.2
32,1,32,1,28,51.25,22.5667
32,1,29,0,32,13.9333,121.6167
32,1,29,0,32,37.4,-4.4833
32,1,29,0,32,10.8833,122.6
32,1,29,0,32,-6.9,-34.8689
117,4,14,7,117,-29.8167,27.25
56,1,25,2,56,33.2775,-93.2261
171,1,36,0,171,24.262,80.761
53,1,18,14,53,28.6295,-81.3718
53,1,18,14,53,-32.7167,151.55
40,1,26,3,40,48.8169,2.2944
34,1,18,1,34,11.8667,3.3833
69,1,22,6,69,45.8,8.8833
74,2,23,1,74,-7.2947,27.4545
118,1,17,4,118,10.6333,-71.6333
30,0,30,1,25,51.3667,7.4833
35,0,28,2,35,50.7836,3.1256
34,0,28,2,34,53.55,10
34,0,28,2,34,42.7394,-78.8581
73,2,35,8,73,32.9302,-80.0027
40,1,40,1,24,41.9333,25.9
500,1,43,0,443,29.613,73.1409
28,0,27,2,28,51.3992,7.1858
52,1,27,12,52,40.8211,-73.2109
70,2,20,20,70,37.6328,-122.0766
33,0,33,0,5,61.2,26.0333
59,1,59,1,23,34.8847,136.9934
30,0,30,1,24,49.5903,8.6564
169,4,169,3,150,26.8968,112.5857
61,1,27,11,61,40.7452,-74.0281
61,1,27,11,61,51.1667,4.3667
58,0,21,0,58,5.3514,48.5256
18,0,18,0,6,-9.4319,159.9556
20,0,20,0,20,-23.3442,-57.0436
31,0,31,0,30,40.5,44.7667
138,3,138,2,112,24.8167,120.9833
39,1,19,1,39,-11.1,-77.6
44,0,17,0,44,-18.3647,26.5
74,1,74,1,35,35.4981,140.1154
95,0,22,0,95,17.7189,73.3969
40,1,30,8,40,55.8892,37.445
75,1,37,1,75,48.5078,26.486
64,1,41,0,64,36.7167,37.1167
40,0,21,1,40,31.0753,-97.7297
59,1,30,3,59,48.3042,16.3167
48,1,48,0,35,44.0414,16.1986
104,0,22,0,104,-4.35,152.2736
30,1,30,0,10,22.43,87.87
30,1,30,0,10,68.8833,33.0833
39,1,39,0,20,47.6333,43.15
59,2,6,0,59,8.91,17.55
29,1,28,0,29,60.4167,57.1
34,1,34,1,24,46.5331,48.3456
34,1,34,1,24,53.3239,69.2525
36,1,26,2,36,50.2411,11.3281
30,0,30,1,27,50.1833,8.5
48,1,33,1,48,55.4167,42.5333
33,1,33,0,9,42.9833,144.3833
33,1,33,0,9,42.9961,144.4661
37,1,8,3,37,20.2833,-102.5667
60,1,30,6,60,43.1497,6.0742
55,2,5,4,55,15.05,-88.7333
58,2,14,19,58,32.711,-117.0027
41,0,28,2,41,52.2667,10.1833
31,1,15,1,31,-28.24,-48.67
24,1,8,0,24,-25.23,-50.6044
78,1,78,3,51,35.6379,139.5046
43,1,43,0,30,39.7167,2.9167
150,1,30,0,150,22.7167,75.8472
31,1,31,2,25,57.28,-2.38
116,2,116,0,64,24.3406,124.1556
36,1,17,3,36,15.3392,120.9069
95,2,9,9,95,19.9519,-99.5328
95,2,9,9,95,19.6113,-96.9224
171,6,10,3,171,-2.9022,30.4986
32,1,32,0,24,64.2311,27.7194
59,1,32,0,59,12.7691,79.4196
24,1,24,0,19,57.2333,37.8833
78,1,36,1,78,49.4472,28.5231
59,1,27,0,59,10.6,104.1667
30,1,30,2,14,61.4639,24.065
84,1,40,1,84,10.4587,79.141
75,1,75,1,34,35.8077,139.7241
54,1,6,14,54,40.6519,-112.0095
39,1,23,5,39,51.0031,4.6311
36,0,20,1,36,30.0398,-99.132
53,1,31,6,53,52.3931,-0.7229
53,1,31,6,53,39.6956,-84.1494
53,1,31,6,53,38.8888,-76.7889
112,1,29,2,112,17.2473,80.1514
130,0,31,0,130,21.82,76.35
40,1,40,2,23,42.9167,12.3333
59,1,37,6,59,43.2964,5.37
29,1,29,2,17,41.6178,-70.4908
62,2,17,0,62,1.6836,31.7222
65,2,23,1,65,13,15.7333
78,1,31,0,78,11.1286,123.9622
56,1,25,1,56,20.1444,-77.4361
121,4,7,8,121,4.2039,-74.6428
14,1,14,0,3,-33.25,-58.0333
14,1,14,0,3,-34.65,-59.4333
14,1,14,0,3,14.1093,123.0109
14,1,14,0,3,-29.2,-58.0833
14,1,14,0,3,26.1533,-97.9128
95,1,23,10,95,39.0186,-94.6933
52,1,33,3,52,45.182,-89.6994
34,0,34,2,32,51.75,4.17
72,1,42,1,72,37.4167,41.3697
47,1,7,1,47,-4.1658,-42.895
22,0,19,0,22,-34.3667,-55.2333
22,0,19,0,22,21.4894,-77.605
41,0,11,0,41,-9.5289,-48.59
159,2,134,1,159,30.822,75.174
89,2,33,5,89,45.5619,12.2364
32,1,32,2,32,44.0181,1.3558
40,1,29,3,40,51.1667,4.4667
30,1,19,4,30,55.7558,37.6178
30,1,19,4,30,46.7308,-116.9986
73,0,24,0,73,18.9667,77.9167
73,0,24,0,73,15.6406,75.9531
73,0,24,0,73,16.35,75.2833
59,1,21,1,59,20.48,-89.72
92,2,34,1,92,21.3472,-97.6833
52,1,40,0,52,45.3531,26.305
33,0,33,0,32,49.35,8.15
33,0,33,0,32,49.5967,10.6089
33,0,33,0,32,51.0239,14.2167
33,0,33,0,32,50.85,9.1167
33,0,33,0,32,50.7333,11.75
54,2,30,11,54,41.5095,-87.9703
31,0,31,2,21,54.983,-1.743
50,1,22,7,50,51.401,-1.323
53,1,36,1,53,47.0833,28.1833
44,1,44,1,16,35.132,137.0394
37,1,35,0,37,56.6667,59.3167
54,1,30,3,54,49.5867,7.1428
163,0,25,0,163,13.1578,-61.225
40,1,7,6,40,42.2195,-121.7754
101,1,62,0,101,33.5833,71.4333
160,1,45,0,160,41.7259,86.1746
89,1,39,0,89,50.3186,29.0592
56,1,13,0,56,10.653,-9.892
74,1,8,13,74,39.5915,-105.0188
74,1,8,13,74,42.535,-71.4891
48,1,48,3,36,40.3919,17.4483
12,0,12,0,11,-18.4167,-66.5833
42,1,28,10,42,39.3461,-76.7307
27,1,27,4,19,60.25,24.0667
15,0,15,0,10,19.6742,97.2092
82,1,42,2,82,45.6,8.75
67,2,10,8,67,-37.0833,-73.1667
40,1,14,0,40,-14.9167,13.5
90,4,20,0,90,-5.35,21.4167
43,2,21,0,43,25.75,93.17
500,1,42,0,435,28.28,76.15
55,1,29,0,55,38.3486,38.3194
25,0,15,0,25,7.2108,126.5328
75,3,15,1,75,-26.4833,31.3667
37,1,37,0,13,48.3,39.7333
50,0,21,0,50,13.0232,77.0252
34,1,17,3,34,38.2667,-3.6167
49,1,30,5,49,41.6804,2.2833
53,1,26,7,53,41.5156,2.1928
72,1,7,14,72,28.9241,-81.9299
48,1,15,0,48,5.03,118.34
43,1,25,4,43,50.8925,5.6497
41,1,26,4,41,48.7325,-3.4553
40,1,40,2,20,41.6833,12.7
61,1,8,4,61,16.3667,-91.7333
42,1,28,4,42,50.9667,3.9833
67,1,36,3,67,37.2833,15
30,1,30,3,22,42.5209,-71.7717
30,1,30,3,22,52.2282,-2.7385
50,1,14,3,50,10.7808,122.3894
52,1,36,1,52,43.3667,25.1333
58,1,28,2,58,24.0515,105.0573
58,1,14,10,58,26.2785,-80.0891
33,0,19,0,33,-13.9833,33.7833
138,4,25,4,138,12,8.5167
36,1,36,0,33,55.4833,60.2167
169,1,36,0,169,22.9153,79.0638
49,1,31,6,49,44.2773,-88.2641
23,1,23,6,18,60.4,25.1
63,1,24,3,63,51.05,16.2
31,1,31,1,21,47.9822,3.3972
34,0,34,1,31,53.5344,9.6817
36,0,16,0,36,-15.7667,28.1833
49,1,25,11,49,47.7921,-122.3077
59,2,16,4,59,33.1667,-5.5667
180,2,151,1,180,30.4743,74.5166
27,0,27,0,13,53.5224,-7.3378
194,3,176,2,194,30.1978,71.4697
74,2,17,1,74,5.2625,-0.7578
35,1,35,1,13,38.4833,140.3833
29,1,29,2,20,37.9861,-1.1303
29,1,29,2,20,10.6,123.0333
54,0,25,0,54,10.9333,78.45
58,2,18,21,58,42.886,-88.1291
42,0,35,1,42,52.2953,5.1622
30,0,27,0,30,21.3892,-158.1445
206,7,206,9,167,31.9829,120.8873
51,1,22,5,51,50.2944,4.1014
157,3,157,1,126,32.02,75.15
87,1,36,0,87,7.9667,123.75
32,0,16,0,32,9.95,99.0667
55,1,38,2,55,44.3167,9.3333
45,1,22,5,45,29.4874,-95.1087
55,1,40,1,55,50.5831,34.4823
114,3,8,37,114,33.938,-118.3586
50,1,31,1,50,48.2164,18.6081
13,0,13,1,12,-40.6219,175.2867
33,1,33,2,30,50.3833,8.0667
38,0,38,1,19,57.5667,12.1
33,1,33,2,23,45.6167,9.25
47,1,21,2,47,29.8785,-97.6831
47,1,21,2,47,28.627,-81.4354
33,1,33,2,29,50.8167,7.2167
99,4,99,5,97,27.7378,111.9974
66,1,22,0,66,-11.7918,19.9062
52,1,28,1,52,52.7819,28.0525
70,1,23,2,70,53.8667,34.4333
38,1,27,4,38,51.9333,4.2333
32,1,14,0,32,8.5504,-9.48
72,3,0,10,72,42.3666,-89.0266
29,0,28,1,29,48.65,11.7833
67,1,36,0,67,-7.98,112.62
54,1,22,0,54,10.958,123.123
49,1,49,0,36,41.6333,15.9167
32,1,32,1,15,37.2,-3.6333
17,0,16,0,17,7.5783,123.1659
33,1,33,0,10,58.3078,48.3181
44,1,44,4,31,45.0333,38.9667
61,1,24,10,61,55.8217,37.3386
61,1,24,10,61,48.4172,142.0869
25,1,25,0,19,58.0833,55.6833
52,0,34,1,52,58.1472,7.9972
31,1,31,0,31,54.9167,64.4333
38,1,23,3,38,50.8519,3.2861
38,1,23,3,38,50.6558,3.071
52,1,6,5,52,20.3333,-102.0167
48,1,48,2,34,41.9544,12.0742
40,0,29,1,40,39.75,-8.9333
39,1,39,4,38,35.6167,-5.2667
34,1,25,0,34,-8.5833,116.1167
111,2,42,8,111,39.5503,116.1063
77,2,10,27,77,41.5095,-87.7468
52,1,6,1,52,-17.3739,-40.2208
44,1,33,3,44,45.3588,9.3238
37,1,37,1,30,50,8.7
39,0,31,1,39,53.3024,-1.4664
179,3,102,4,179,22.64,88.22
51,1,27,2,51,47.3539,19.0948
36,0,27,3,36,51.13,0
50,0,29,1,50,51.78,-3.21
51,1,28,9,51,42.2489,-83.1399
79,3,5,9,79,13.7167,-88.9
79,3,5,9,79,13.35,-88
79,3,5,9,79,8.5128,-73.4508
99,3,11,11,99,14.7667,-91.8167
24,1,24,2,17,40.8381,-115.7678
32,1,32,2,26,53.7519,9.6511
29,1,29,2,23,47.2018,-121.9897
81,1,34,0,81,49.0278,104.0444
74,0,40,0,74,39.9086,41.2769
130,1,30,0,130,43.35,77.4667
55,2,1,3,55,-3.9019,-42.2339
55,2,1,3,55,-5.3428,-48.5108
38,1,28,4,38,51.4508,7.0131
38,1,28,4,38,51.4667,4.4667
31,1,31,2,25,37.2917,-4.8792
40,1,40,1,30,43.3333,12.9167
45,1,32,8,45,38.5974,-90.0053
301,1,82,1,301,31.4167,73.0911
59,2,41,5,59,38.8847,-77.1751
78,0,37,0,78,50.15,-5.07
78,0,37,0,78,18.49,-77.661
78,0,37,0,78,41.5913,-70.5912
78,0,37,0,78,43.7476,-70.2827
28,1,27,2,28,49.2992,6.1097
44,1,44,0,33,43.8333,13.0167
30,0,30,2,26,48.8086,9.2758
49,1,49,0,47,35.8725,14.5228
217,3,103,1,217,26.3,87.265
38,1,38,1,36,44.1833,12.1333
32,0,13,0,32,-26.1833,-58.1833
32,0,13,0,32,-15.5369,-47.3339
64,2,5,15,64,42.9253,-88.8442
58,1,24,4,58,40.2537,-103.7903
157,4,17,2,157,-1.7,29.25
84,1,9,15,84,25.8395,-80.2368
40,1,28,4,40,51.8306,4.9742
51,1,21,5,51,49.0325,2.4747
43,1,17,4,43,39.0877,-108.5673
72,1,34,3,72,43.6667,6.9167
66,2,12,15,66,36.168,-82.8197
75,2,5,14,75,39.6153,-104.9131
59,2,1,6,59,-1.6,-79
59,2,1,6,59,8.4672,-74.5367
32,1,25,1,32,40.5333,-7.3333
85,1,27,6,85,44.9167,10.6667
99,3,41,6,99,26.5794,106.7078
34,1,34,2,27,51.0333,7.5667
37,1,37,1,24,52.3331,8.75
144,3,4,12,144,19.15,-72.0167
64,1,29,4,64,37.3434,-79.9534
31,1,25,3,31,49.3167,7.3333
72,2,17,7,72,34.4892,-93.0501
70,2,28,2,70,42.9633,126.7478
95,3,8,11,95,19.1489,-96.9661
68,2,29,2,68,42.6229,126.2614
124,4,44,7,124,23.1115,114.4152
32,1,32,2,24,54.4667,9.05
39,1,29,4,39,51.8833,5.2833
61,1,40,0,61,46.72,25.59
174,1,46,0,174,26.2215,78.178
83,1,11,12,83,25.9854,-80.1423
38,0,38,0,20,56.6739,12.8572
37,1,37,1,24,52.1,9.3667
34,1,28,4,34,51.7319,6.5908
38,1,32,1,38,47.6681,19.6697
53,1,45,1,53,34.9078,-76.8987
31,1,31,1,26,38.6224,-122.8651
32,0,32,1,26,48.5967,8.8708
93,2,6,17,93,25.8696,-80.3045
25,1,7,1,25,-3.7275,-38.5275
56,1,20,7,56,33.156,-96.8216
38,1,38,0,14,36.2381,137.1862
31,1,18,0,31,-24.6667,25.7833
36,1,5,3,36,5.0833,-73.3667
45,1,45,1,25,38.8122,-94.9275
45,1,45,1,25,42.5845,-71.9868
47,1,30,8,47,41.3696,-81.815
61,1,27,2,61,50.2833,21.4333
46,1,26,4,46,43.2508,-5.7767
43,1,31,0,43,50.0667,43.25
43,1,31,0,43,43.9283,132.0061
26,0,16,0,26,-7.4072,36.9722
59,1,13,6,59,-2.1347,-79.5872
44,1,21,8,44,40.6892,-111.8292
44,1,21,8,44,42.0859,-80.1194
72,2,16,10,72,33.0874,-83.2414
32,1,17,0,32,-24.6333,25.8667
46,1,32,0,46,6.8726,81.3373
64,2,9,7,64,14.501,-89.8723
125,4,4,36,125,34.0155,-118.1108
24,0,13,0,24,-7.8889,-37.12
50,1,22,5,50,48.7039,2.4605
48,2,21,0,48,10.2604,13.2606
67,4,20,1,67,-3.25,29.6
54,1,19,6,54,34.7432,-87.6343
153,0,38,0,153,22.43,80.12
51,1,51,1,44,35.4876,137.5006
356,2,100,1,354,31.45,73.7067
78,2,43,6,78,41.4291,-71.4668
39,1,39,0,18,48.48,124.8738
73,2,40,10,73,40.8467,-73.1522
34,1,34,2,28,50.9147,8.1
53,1,53,1,23,41.4667,12.6667
57,1,45,4,57,41.3113,-72.9246
57,1,45,4,57,41.0676,-85.0174
39,1,20,4,39,30.0049,-91.8202
47,0,27,3,47,51.5886,-2.9978
47,0,27,3,47,39.0856,-84.4868
47,0,27,3,47,52.7691,-2.3787
47,0,27,3,47,41.4801,-71.3203
47,0,27,3,47,50.701,-1.2883
47,0,27,3,47,44.6242,-124.0513
64,3,14,1,64,-2.5122,30.6558
33,0,15,0,33,-3.2496,35.52
32,1,32,0,9,69.4081,30.2206
32,0,32,1,18,46.3258,-0.4606
51,0,31,0,51,53.5167,43.6667
112,1,47,0,112,37.01,37.7972
55,1,55,0,42,40.8,17.1333
43,1,33,0,43,7.8881,98.3975
291,1,41,0,291,26.87,75.23
52,1,48,3,52,39.889,-82.7678
151,3,151,2,97,35.5104,117.62
58,1,47,3,58,43.4667,11.15
48,1,9,4,48,-12.3659,-38.2433
42,1,39,4,42,41.4083,13.0443
29,1,6,1,29,-13.4408,-49.1489
41,0,26,1,41,18.1757,-76.4503
28,1,28,0,12,49.8353,-124.5247
43,1,14,1,43,-22.0061,-51.5531
32,1,32,1,29,57.3825,41.2861
52,1,35,4,52,48.15,11.35
71,1,16,0,71,10.9972,-74.2875
17,0,17,0,3,-53.1667,-70.9333
101,2,90,1,101,-6.5533,107.4472
55,1,27,4,55,50.4333,3.8667
54,1,36,3,54,39.2529,9.1762
88,3,0,7,88,-22.4069,-44.2578
76,1,39,1,76,51.0667,19.45
65,1,28,4,65,34.961,-89.8469
35,1,35,0,16,63.9167,38.0833
43,2,23,5,43,47.4333,8.5667
48,1,12,13,48,45.3418,-122.5924
63,1,23,7,63,29.2985,-81.1014
64,1,39,1,64,51.3003,13.1072
37,1,30,3,37,51.2167,5.4167
53,2,23,6,53,40.5849,9.0033
59,1,17,0,59,2.4167,30.9875
53,1,27,0,53,18.3964,103.6558
74,2,47,0,74,-2.9861,104.7556
51,1,19,15,51,33.5434,-111.9595
15,0,14,0,15,-6.4328,-43.9839
20,0,7,1,20,-17.2333,-67.9167
74,3,20,26,74,40.7621,-73.0185
34,1,34,0,28,55.9667,43.0667
103,1,19,4,103,29.5581,-95.3218
58,2,31,4,58,46.0667,11.2333
151,1,31,5,151,43.695,5.5036
14,0,14,0,13,-9.3928,-40.5078
49,1,28,6,49,55.9333,39.4667
51,1,22,6,51,47.9242,9.2567
49,1,31,0,49,-23.9333,31.1167
30,1,30,3,20,51.7958,4.6783
40,1,35,1,40,47.9597,26.3997
72,2,15,16,72,42.6832,-71.301
85,2,85,1,61,24.42,87.34
37,1,26,0,37,55.4833,54.8667
87,4,14,33,87,40.7257,-73.1869
109,3,16,31,109,40.6432,-73.6672
56,1,35,4,56,49.4667,8.9833
69,1,38,2,69,50.4934,9.6961
57,1,19,3,57,18.763,-69.042
62,1,33,1,62,38.2014,37.1883
78,3,25,1,78,0.05,35.7167
90,2,7,8,90,-23.0428,-47.3739
30,0,30,0,26,60.8819,11.5623
56,1,30,1,56,27.9617,-110.8125
32,0,32,1,17,52.2167,6.9
57,1,43,2,57,49.6569,8.9931
57,1,43,2,57,48.3281,9.8878
45,1,35,2,45,51.0833,6.3167
67,2,35,13,67,39.0109,-84.5864
34,1,34,2,30,40.955,-8.627
54,1,25,6,54,30.6571,-81.4511
70,2,28,16,70,39.2159,-84.5144
51,2,39,7,51,41.7667,12.2333
105,3,12,26,105,40.7773,-74.3953
59,1,36,4,59,49.7197,11.0581
33,0,33,1,9,57.693,-2.005
39,1,18,0,39,6.1333,-5.9333
20,0,16,1,20,-8.8903,-36.4928
75,2,29,8,75,45.5771,9.0814
32,1,30,7,32,37.9637,-121.2296
39,2,10,0,39,4.275,21
78,6,17,3,78,-2.4697,29.5814
32,0,32,2,16,51.385,0.55
32,0,32,2,16,51.0375,-2.2748
30,0,12,1,30,-17.3028,-49.0178
43,1,12,5,43,44.6951,-73.4563
165,4,78,6,165,32.2986,72.3508
42,1,42,0,26,54.3233,10.1394
107,2,29,1,107,-1.9536,30.0606
35,1,35,0,15,56.8667,37.35
35,1,23,0,35,8.0522,-1.7347
58,1,58,0,54,46.4319,19.4883
51,1,15,0,51,3.2889,32.8778
109,3,47,2,109,19.6243,84.9408
81,1,49,0,81,45.55,13.7333
174,2,44,4,174,18.8215,78.7119
53,1,38,2,53,50.8833,4.5333
117,2,40,5,117,16.9839,77.7193
48,1,48,0,19,45.85,41.5167
48,1,48,0,19,45.1278,39.5725
43,1,39,0,43,59.0167,54.6667
128,1,35,2,128,22.2068,74.7579
30,1,30,0,28,16.1467,94.7611
66,1,28,1,66,34.5006,-114.3113
35,0,35,0,8,41.3099,-105.6085
78,1,33,1,78,-23.0118,-47.8657
48,1,48,0,29,43.5678,3.9021
75,1,54,0,75,48.6856,6.1522
55,1,27,0,55,-20.135,57.5211
84,1,62,0,84,45.1929,11.3115
32,1,29,1,32,51.9165,-0.6617
63,1,39,0,63,47.3817,15.0972
264,15,8,52,264,-6.5742,106.632
50,1,32,1,50,45.1679,-93.083
60,1,29,0,60,-21.6786,-49.7425
35,1,17,0,35,-23.31,-51.1628
35,1,35,0,31,50.7356,2.2372
116,3,19,25,116,34.1141,-118.4068
45,1,45,0,28,36.1833,-5.4833
34,1,30,1,34,51.8783,-0.4147
67,1,21,1,67,-22.5022,-48.7114
76,1,59,0,76,43.3003,13.4533
154,3,2,28,154,22.535,114.054
97,2,25,6,97,44.3054,86.0804
148,3,18,23,148,34.1687,-118.0504
61,1,21,3,61,31.563,-110.3153
35,1,35,0,17,57.15,24.8667
53,1,46,0,53,36.1844,-94.5315
71,2,16,3,71,4.5872,-74.2214
36,1,26,9,36,38.5677,-121.4685
36,1,26,9,36,-19.865,-47.44
28,1,28,3,17,51.755,-0.336
26,1,26,2,15,56.3404,-2.7955
75,1,43,3,75,44.3667,9.15
68,1,40,1,68,50.25,12.0167
48,1,48,3,29,39.9588,-82.7943
43,1,28,4,43,37.4994,13.265
33,1,33,2,15,46.2824,-119.2939
33,1,33,2,15,40.449,-75.3362
33,1,33,2,15,40.2842,-78.8449
33,1,33,2,15,40.644,-79.9579
46,1,32,4,46,49.2942,6.9375
69,1,36,2,69,51.3081,13.2939
36,0,36,0,16,55.4425,11.79
58,1,21,1,58,-32.035,-52.0986
46,1,21,0,46,11.4386,-85.8286
47,1,25,5,47,50.6047,3.0878
44,1,27,5,44,50.7536,3.1203
28,1,23,5,28,52.37,-1.26
50,1,15,10,50,52.7599,-1.9388
137,3,9,10,137,20.5703,-101.1972
137,3,9,10,137,40.965,-5.6642
137,3,9,10,137,-31.7667,-70.9667
19,1,19,0,11,66.5333,66.6333
108,1,52,1,108,39.6547,66.9758
72,1,29,2,72,30.6263,-87.8816
226,1,48,0,226,25.67,78.47
57,2,27,13,57,42.1654,-87.8516
35,0,35,1,20,53.905,13.0439
180,2,107,0,180,31.8314,70.9019
65,0,21,0,65,13.23,77.7
154,2,13,4,154,14.655,-16.2314
49,1,49,3,43,33.6239,130.5262
43,1,43,0,25,53.6028,9.8233
43,1,43,2,23,27.7822,-80.4819
49,0,24,0,49,-5.5576,-80.8223
154,2,0,23,154,-26.5161,29.2028
44,1,44,0,32,52.3161,9.9642
421,27,0,91,415,37.56,126.99
96,1,59,0,96,45.7333,8.6333
112,3,6,19,112,35.2236,137.0842
69,1,56,0,69,49.1511,6.1514
82,2,41,6,82,38.8631,-90.0774
54,1,15,0,54,6.3833,10.0667
39,1,31,0,39,41.6281,48.6828
43,1,43,0,24,50.2569,31.7817
74,1,34,0,74,12.9667,-2.2667
51,1,44,1,51,41.2063,-73.9884
60,1,49,1,60,41.122,-112.0995
60,1,49,1,60,33.6064,-88.6572
57,1,32,5,57,41.8023,-87.9006
41,1,35,1,41,42.5864,-71.4401
50,1,42,2,50,37.2693,-76.7076
86,1,86,1,19,28.0118,-81.7014
53,1,29,0,53,44.3927,-89.8265
41,1,41,3,24,41.7092,-86.869
48,1,29,8,48,41.4459,-74.4236
48,1,29,8,48,39.5033,-84.3659
48,1,29,8,48,40.3892,-74.082
48,1,29,8,48,41.5476,-72.6549
48,1,29,8,48,40.179,-74.9059
48,1,29,8,48,39.445,-75.7183
48,1,29,8,48,41.5175,-71.2769
48,1,29,8,48,39.9094,-75.4311
48,1,29,8,48,38.241,-85.5214
48,1,29,8,48,40.201,-76.7289
36,1,34,5,36,34.4,133.0833
58,1,45,4,58,39.3444,-76.7668
36,0,36,0,27,16.886,-24.988
42,1,42,1,31,35.4402,137.0157
168,4,168,1,165,26.3638,84.364
74,1,12,10,74,19.3833,-70.5167
62,1,45,3,62,41.0833,16.7833
31,1,31,0,20,53.7333,119.7667
28,1,28,1,27,15.7331,120.5725
28,1,28,1,27,41.4867,2.1879
28,1,28,1,27,39.5456,-0.3956
64,1,44,2,64,45.8,13.5333
